dyndns_domains,isBad
0000000000000000000000.com,TRUE
020huahai.com,TRUE
021christine.com,TRUE
051.no,TRUE
0815x.com,TRUE
0bit.org,TRUE
0wnz-u.com,TRUE
0x.no,TRUE
101main.com,TRUE
101main.net,TRUE
1040ezdotcom.com,TRUE
120v.ac,TRUE
1243.ru,TRUE
12wildwood.ca,TRUE
1313.pl,TRUE
1337.cx,TRUE
136k.com,TRUE
17life.com,TRUE
18videoclip.com,TRUE
19861866.com,TRUE
1dumb.com,TRUE
1dvd.ru,TRUE
1k.ru,TRUE
1parfumer.ru,TRUE
1stresponderservices.com,TRUE
1z.lv,TRUE
20hz.biz,TRUE
216brew.com,TRUE
2288.org,TRUE
2298.co.uk,TRUE
24-7.ro,TRUE
25u.com,TRUE
27south.com,TRUE
29ah.ru,TRUE
2age.ru,TRUE
2chicksathome.com,TRUE
2dep.net,TRUE
2donext.com,TRUE
2fine.de,TRUE
2flamingarrow.net,TRUE
2m.lt,TRUE
2waky.com,TRUE
3-a.net,TRUE
3.3adisk.com,TRUE
3322.org,TRUE
33ramki.ru,TRUE
375diy.com,TRUE
389.me,TRUE
39gsm.ru,TRUE
3abc.gr,TRUE
3c4d.net,TRUE
3cnet.tw,TRUE
3d-game.com,TRUE
3dfurnitures.com,TRUE
3dthegym.in,TRUE
3dvizija.net,TRUE
3dxtras.com,TRUE
3n.cc,TRUE
3rbcool.net,TRUE
3rcp.com,TRUE
3sapoga.ru,TRUE
3trust.com,TRUE
3utilities.com,TRUE
404.mn,TRUE
4040.idv.tw,TRUE
40mps.com,TRUE
44.lt,TRUE
4dq.com,TRUE
4go.ru,TRUE
4irc.com,TRUE
4mydomain.com,TRUE
4profi.com,TRUE
4pu.com,TRUE
4stenki.ru,TRUE
4twenty.us,TRUE
55.lt,TRUE
6600.org,TRUE
6661338.ru,TRUE
69.mu,TRUE
6tester.com,TRUE
6tim.com,TRUE
7700.org,TRUE
777888.ru,TRUE
7nebo.vn.ua,TRUE
7s.com.tr,TRUE
80008000.com,TRUE
8518.com,TRUE
88.to,TRUE
8800.org,TRUE
8866.org,TRUE
8s.nl,TRUE
8tb.net,TRUE
8ui.org,TRUE
905tech.com,TRUE
941in.com,TRUE
9966.org,TRUE
999fj.com,TRUE
999w.cn,TRUE
9wide.com,TRUE
a01.ca,TRUE
aa.am,TRUE
aarn.ru,TRUE
aaro.ch,TRUE
abagan.com,TRUE
abccompany.biz,TRUE
abi.sh,TRUE
abmc-group.com,TRUE
aboutepr.ru,TRUE
abuser.eu,TRUE
abusers.eu,TRUE
acaro.org,TRUE
accessaidsnetwork.com,TRUE
accommodation-greece.com,TRUE
acdc.lv,TRUE
achille.com,TRUE
acmeservices.net,TRUE
acmetoy.com,TRUE
actionplant.com,TRUE
actionwheelsport.com,TRUE
activepolitic.com,TRUE
ad.is,TRUE
adagio.tw,TRUE
adbcard.com,TRUE
adfoto.ro,TRUE
adlen.ru,TRUE
admarco.com,TRUE
adtouch.ru,TRUE
adultdns.net,TRUE
advancedskincare.ie,TRUE
advergamer.com,TRUE
ae.org.ua,TRUE
afilmizle.net,TRUE
afraid.org,TRUE
africatravelling.net,TRUE
afrik1.com,TRUE
ageliaco.org,TRUE
agenciacitrica.com,TRUE
agerimoveis.com,TRUE
aghaiepour.com,TRUE
agila.com.br,TRUE
aging-hippy.com,TRUE
agrograd22.ru,TRUE
agropeople.ru,TRUE
ah.si,TRUE
ahfree.com,TRUE
ahfree.net,TRUE
ahyx.org,TRUE
aintno.info,TRUE
aionstuff.ru,TRUE
air-bagan.org,TRUE
airmosphere.com,TRUE
ais-salzburg.at,TRUE
ajhurst.org,TRUE
al-ansoriyy.net,TRUE
alagrupa.com,TRUE
alanbradburne.com,TRUE
alauxanh.com,TRUE
albarisi.com,TRUE
albertn.ru,TRUE
alcohol-addicted.com,TRUE
alemturka.net,TRUE
alexeyg.ru,TRUE
alexis-club.ru,TRUE
alexleow-kimmy.com,TRUE
alexunderbase.ro,TRUE
alfalcons.com,TRUE
alicjaressa.pl,TRUE
alinux.ru,TRUE
all.my,TRUE
allisons.org,TRUE
allowed.org,TRUE
allyopen.com,TRUE
almostmy.com,TRUE
alo8.com,TRUE
alphanet.net.br,TRUE
altfem.ro,TRUE
altit.ru,TRUE
alveaelectric.com,TRUE
alvin.hk,TRUE
alware.com,TRUE
amandado.com,TRUE
amcsecurity.com,TRUE
americajhon.com.pe,TRUE
americanelectricalservices.net,TRUE
americanunfinished.com,TRUE
americatravelling.net,TRUE
ammendolias.com,TRUE
amogay.com,TRUE
amordivino.cl,TRUE
amursk-hotline.ru,TRUE
amursk-rayon.ru,TRUE
amurt.org.uk,TRUE
amyadelefoster.com,TRUE
anajuliana.com,TRUE
anastasion.com,TRUE
anawil.com.ar,TRUE
andrewhaberman.com,TRUE
andreymorozov.ru,TRUE
anglicanplanet.net,TRUE
angoracat.ru,TRUE
annaffiare.org,TRUE
anton-kovalenko.ru,TRUE
antongorbunov.com,TRUE
antriga.lv,TRUE
antwique.com,TRUE
anymp3.ru,TRUE
apcollege.ru,TRUE
apitel.cl,TRUE
aponbd.com,TRUE
apreleva.com,TRUE
aquazoopets.com,TRUE
arava.in,TRUE
arbalet-spb.ru,TRUE
arcprojects.ru,TRUE
ardi.li,TRUE
argetohuchat.ch,TRUE
aries.ro,TRUE
arm.ee,TRUE
armani.ro,TRUE
armed.us,TRUE
arno.fi,TRUE
arnotex.com,TRUE
arribaeleste.com,TRUE
arrowmedia.web.id,TRUE
art-e-facto.net,TRUE
artisnotcrime.com,TRUE
artofhacking.com,TRUE
artosfer.com,TRUE
artteam.ro,TRUE
asbatim.ch,TRUE
asdf.ch,TRUE
asenov.ru,TRUE
asianfreshproduce.com,TRUE
asiatravelling.net,TRUE
asixfiles.com,TRUE
ask2ask.com,TRUE
aspserver.net,TRUE
astrodust.com,TRUE
astrologie-horoscop.ro,TRUE
astrolojiburc.com,TRUE
asu.su,TRUE
asusdriver.ru,TRUE
at-band-camp.net,TRUE
atasnamacinta.org,TRUE
atelierrua.com,TRUE
atfacebook.net,TRUE
ath.cx,TRUE
ath.ro,TRUE
athens-athens.com,TRUE
athleticpharma.com,TRUE
atitudine.net,TRUE
atmyspace.net,TRUE
atskype.net,TRUE
attackus.net,TRUE
attwell.net,TRUE
attwitter.net,TRUE
atyoutube.net,TRUE
au.ms,TRUE
audicarfans.com,TRUE
audio-stream.net,TRUE
auraria.org,TRUE
australiatravelling.net,TRUE
authorizeddns.net,TRUE
authorizeddns.org,TRUE
authorizeddns.us,TRUE
autofull.pl,TRUE
autogas-adapter.eu,TRUE
autohemoterapia.com,TRUE
automillion.ru,TRUE
automotive.ro,TRUE
automotive.si,TRUE
autoroutedemorges.ch,TRUE
autotema.info,TRUE
avangardkennel.ru,TRUE
avdbturnike.gov.tr,TRUE
avon-chat.com,TRUE
avtobizz.ru,TRUE
avtoopt-nn.ru,TRUE
avtoservis-hladin.si,TRUE
aweandreverence.com,TRUE
awiki.org,TRUE
awmail.org,TRUE
ax.lt,TRUE
axisglobal.co.id,TRUE
axsol.com.ar,TRUE
ayaka.ws,TRUE
ayakacomputer.biz,TRUE
ayakanet.biz,TRUE
ayakanet.org,TRUE
azote.org,TRUE
azstronghold.com,TRUE
b0ne.com,TRUE
b0tnet.com,TRUE
b2barea.ru,TRUE
bacek.com,TRUE
bad.mn,TRUE
badabrasil.com.br,TRUE
bagus.org,TRUE
bakerweb.biz,TRUE
bakumarket.com,TRUE
balmed.ru,TRUE
bambong.net,TRUE
bamoon.com,TRUE
bamteli.org,TRUE
bapat.org,TRUE
barbaforte.org,TRUE
barcelona.com.ru,TRUE
barge-online.com,TRUE
barkpark.com,TRUE
barrel-of-knowledge.info,TRUE
barrell-of-knowledge.info,TRUE
base-v.ch,TRUE
bash.si,TRUE
bashpoisk.ru,TRUE
bashpretty.ru,TRUE
bashtourism.ru,TRUE
basicnetwork.ro,TRUE
battlecore.ru,TRUE
bayipazar.com,TRUE
bbsindex.com,TRUE
bd.to,TRUE
beachwaralaba.com,TRUE
bebelemeu.ro,TRUE
becompany.org,TRUE
bee.pl,TRUE
begroup.cc,TRUE
belabat.org,TRUE
belanjaaudio.com,TRUE
bellasclown.com,TRUE
belopolsky.ru,TRUE
ben7.net,TRUE
bengkayang.go.id,TRUE
benz.la,TRUE
bernovo.ru,TRUE
bertmillernatureclub.org,TRUE
besafe.com.br,TRUE
best-times.ru,TRUE
best-vid.com,TRUE
bestcp.com,TRUE
besteverydns.com,TRUE
bestforever.com,TRUE
bestreferaty.ru,TRUE
bestshells.ro,TRUE
betsy.cc,TRUE
betsypowers.com,TRUE
better-than.tv,TRUE
bflogos.ru,TRUE
bg-news.org,TRUE
bg2ncolo.com,TRUE
bgdsupport.com,TRUE
bibpol.ru,TRUE
biciclist.ro,TRUE
bicventas.com.mx,TRUE
bigbox.info,TRUE
bigmoney.biz,TRUE
bijutiva.ru,TRUE
bil-nasalab.com,TRUE
bin-laden.biz,TRUE
bin.bz,TRUE
binaryoptionstrategy.ae,TRUE
binaryuniverse.net,TRUE
binuka.com,TRUE
biotx.biz,TRUE
birchlandplywood.com,TRUE
bitdefender.com.vn,TRUE
bitferret.com,TRUE
bitferret.net,TRUE
bitferret.org,TRUE
biz.tm,TRUE
biz14.com,TRUE
biznes-elementi.com,TRUE
bizzybeads.com,TRUE
blackschool.ru,TRUE
blaybrooks.com,TRUE
blinds-market.ru,TRUE
blizzie.net,TRUE
blocktarget.com,TRUE
blogdns.com,TRUE
blogdns.net,TRUE
blogdns.org,TRUE
blogsite.org,TRUE
bloom.us,TRUE
blue-jade.net,TRUE
bluetears.org,TRUE
bmwdoc.ru,TRUE
bnaz.org,TRUE
bo-tak.info,TRUE
bobcentury.com,TRUE
boblove.org,TRUE
boettiger.cl,TRUE
bogdancoman.ro,TRUE
boldlygoingnowhere.org,TRUE
bookflights.ru,TRUE
borgoth.com,TRUE
borkar.in,TRUE
bot.nu,TRUE
bounceme.net,TRUE
bouncers4rent.com,TRUE
bpwrc.org,TRUE
br.ms,TRUE
braintec.ch,TRUE
brb.dj,TRUE
brgh.de,TRUE
brianmillercentral.com,TRUE
bristolinmotion.com,TRUE
brm.ro,TRUE
broke-it.net,TRUE
bronxartspace.com,TRUE
brotherscafe.com,TRUE
brucehickey.com,TRUE
brware.com.br,TRUE
bryansplace.net,TRUE
bsdtech.org,TRUE
btbtrading.it,TRUE
bucatareselevesele.ro,TRUE
bugsfree.org,TRUE
buildingbrothers.com.ar,TRUE
bullmedeth.info,TRUE
bum.ms,TRUE
bunchies.org,TRUE
bunkhouse.us,TRUE
businessloan.com,TRUE
buyshouses.net,TRUE
buzlylabs.com,TRUE
buzz20.com,TRUE
bydeets.com,TRUE
byte4byte.com,TRUE
byza.it,TRUE
bz.cm,TRUE
bzibziek.pl,TRUE
bzpo.ru,TRUE
c-scene.org,TRUE
c0m.la,TRUE
cablesweb.com.ar,TRUE
cabowabo.org,TRUE
caledonianlab.com,TRUE
canadaad.com,TRUE
canal.cl,TRUE
canaldoslarioja.com.ar,TRUE
caretheworld.org,TRUE
carys.org,TRUE
catastrocorrientes.gov.ar,TRUE
catholicpenguin.net,TRUE
caveatlector.eu,TRUE
cc.net.br,TRUE
ccc.org.mx,TRUE
cco.cl,TRUE
ccs.pl,TRUE
ccwhc.ca,TRUE
cd-km.info,TRUE
cd.am,TRUE
cdrip.com.ar,TRUE
ce.ms,TRUE
cechire.com,TRUE
cegpc.com,TRUE
cent.si,TRUE
centrin.us,TRUE
centrumletna.cz,TRUE
ceradinternational.net,TRUE
certaindns.com,TRUE
certaindns.net,TRUE
certaindns.org,TRUE
cf.gs,TRUE
cfpug.com,TRUE
cga.net.ru,TRUE
cgiconnection.com,TRUE
ch.vu,TRUE
chai-ufa.ru,TRUE
changeip.biz,TRUE
changeip.co.uk,TRUE
changeip.com,TRUE
changeip.me,TRUE
changeip.name,TRUE
changeip.net,TRUE
changeip.org,TRUE
changeip.us,TRUE
chatnook.com,TRUE
chavales.net,TRUE
chebicon.ru,TRUE
check-it-out.nl,TRUE
chekhov-town.ru,TRUE
cheqppjoy.com,TRUE
cherrygirl.hk,TRUE
chesan.com,TRUE
chicagocornerchurch.org,TRUE
chickenkiller.com,TRUE
chiefmo.net,TRUE
chilenter.cl,TRUE
china.is,TRUE
chinta.web.id,TRUE
chita.com.br,TRUE
chosmile.com,TRUE
chrispecoraro.com,TRUE
chur.ru,TRUE
cigobang.com,TRUE
cimidi.org,TRUE
cintex.ru,TRUE
circuitlab.org,TRUE
citbus.com,TRUE
citysounds.fm,TRUE
cjaycom.net,TRUE
cker.in,TRUE
clanwar.info,TRUE
clapham.org,TRUE
cleansite.biz,TRUE
cleansite.info,TRUE
cleansite.us,TRUE
clicdeal.ma,TRUE
clicksoftware.co.uk,TRUE
climatenotebook.org,TRUE
clouds.my,TRUE
cloverdalecomputers.ca,TRUE
cmokep.one.pl,TRUE
cn.ms,TRUE
cnetwork.ro,TRUE
cnmsl.net,TRUE
cnr.com.pk,TRUE
cns2u.com,TRUE
cnstefancelmare.ro,TRUE
co.be,TRUE
co.cc,TRUE
co.tv,TRUE
coalnet.ru,TRUE
cobaes.edu.mx,TRUE
cocomgr.com,TRUE
code-house.org,TRUE
codecafe.com,TRUE
codefinity.com,TRUE
codegods.net,TRUE
codewarp.org,TRUE
cofoneconsulting.com,TRUE
colossi.com.br,TRUE
communityforge.net,TRUE
compas.md,TRUE
compress.to,TRUE
compuinter.com,TRUE
compulsivo.com.br,TRUE
computersforpeace.net,TRUE
conac.cl,TRUE
concursuri-noi.com,TRUE
confluente.ro,TRUE
cookworld.ru,TRUE
coolaj86.info,TRUE
corecloud.com,TRUE
cornercity.com,TRUE
cornhouseconsulting.com,TRUE
corvalius.com,TRUE
cosale.ru,TRUE
cosmicperformance.com,TRUE
cot.lt,TRUE
coupeware.com,TRUE
cp.cx,TRUE
cpia.org.ar,TRUE
crabdance.com,TRUE
crackedsidewalks.com,TRUE
cranialtrauma.co.uk,TRUE
crctvn.org,TRUE
cre.gs,TRUE
creatingsmiles.ca,TRUE
credozone.my,TRUE
crime.si,TRUE
crunchy-frog.org,TRUE
cryptotoad.com,TRUE
csmcpr.com,TRUE
csproject.org,TRUE
ctk-warez.ru,TRUE
ctour.kz,TRUE
cu.cc,TRUE
cuack.org,TRUE
cuetara.name,TRUE
culby2.com,TRUE
cupapp.com,TRUE
cut3.name,TRUE
cute.se,TRUE
cvdah.org,TRUE
cw.cm,TRUE
cw03.ru,TRUE
cx.cc,TRUE
cyanyz.com,TRUE
cyber-army.com,TRUE
cyber0ne.com,TRUE
cybscripts.com,TRUE
cycahuh.ru,TRUE
cydots.com,TRUE
cynricinformatique.ca,TRUE
czechbits.org,TRUE
d-n-s.name,TRUE
d-n-s.org.uk,TRUE
d0nkey.com,TRUE
d2g.biz,TRUE
d2g.com,TRUE
d2gwebsite.com,TRUE
d2w.asia,TRUE
d3mo2.com,TRUE
d3v.eu,TRUE
d7.be,TRUE
da.sg,TRUE
daev.ca,TRUE
dai-mexico.com,TRUE
dalnet.ca,TRUE
damnserver.org,TRUE
dance.fm,TRUE
danodemano.com,TRUE
dara-dal.net,TRUE
dark-byte.net,TRUE
dark-os.com,TRUE
dark-os.ru,TRUE
darkauto.ru,TRUE
darkblue.ch,TRUE
darknigger.com,TRUE
darksair.org,TRUE
darktech.org,TRUE
darkworlds.org,TRUE
darweb.com,TRUE
datafloat.net,TRUE
datasource.ro,TRUE
daveyp.co.uk,TRUE
day.com.br,TRUE
db.hk,TRUE
dcbass.com,TRUE
dcde.ru,TRUE
ddanciu.ro,TRUE
ddj.co.za,TRUE
ddns-example-1.com,TRUE
ddns-example-2.com,TRUE
ddns-example-3.com,TRUE
ddns.com.co,TRUE
ddns.info,TRUE
ddns.me.uk,TRUE
ddns.mobi,TRUE
ddns.ms,TRUE
ddns.ms,TRUE
ddns.name,TRUE
ddns.us,TRUE
ddns01.com,TRUE
ddns01.eu,TRUE
ddnsd.eu,TRUE
ddos.im,TRUE
de.ms,TRUE
deadnet.org,TRUE
deaftone.com,TRUE
dearabba.org,TRUE
defence.ru,TRUE
dellsale.ru,TRUE
delovoimir.kz,TRUE
demak.org,TRUE
demonised.org,TRUE
depower2go.com,TRUE
derdelus.ro,TRUE
descontrolar.com.ar,TRUE
desonia.com,TRUE
desperate.info,TRUE
despoena.com,TRUE
despoena.org,TRUE
deters.com.br,TRUE
detirastut.ru,TRUE
detskaya-ploshhadka.ru,TRUE
deusexmachina.org,TRUE
developer.se,TRUE
devil.st,TRUE
devstack.com,TRUE
dexp.in,TRUE
dezcom.org,TRUE
dfdlmekong.com,TRUE
dhcp.biz,TRUE
dhis.org,TRUE
dhl-apex.com,TRUE
dhm.ro,TRUE
dhs.org,TRUE
dietanews.net,TRUE
dieulinh.net,TRUE
digisoft.ws,TRUE
digital-dimension.ru,TRUE
digitaldiplomacy.com,TRUE
digitalgroupe.com,TRUE
digitalhod.net,TRUE
diipl.com,TRUE
diipl.in,TRUE
dinedns.com,TRUE
dinedns.net,TRUE
dinedns.org,TRUE
distrocuyo1.com.ar,TRUE
divakeramika.com,TRUE
divx.se,TRUE
divxm.org,TRUE
dixo.net,TRUE
dizimatik.com,TRUE
dizisalonu.net,TRUE
djbomba.one.pl,TRUE
dmdboard.ru,TRUE
dmdfirms.ru,TRUE
dmdjob.ru,TRUE
dmky.org,TRUE
dmtr.ru,TRUE
dmz.se,TRUE
dnepr.com,TRUE
dnmcoffman.com,TRUE
dns-dns.com,TRUE
dns-gateway.net,TRUE
dns-stuff.com,TRUE
dns04.com,TRUE
dns05.com,TRUE
dns1.us,TRUE
dns2.us,TRUE
dns2go.biz,TRUE
dns2go.info,TRUE
dns2gooffice.com,TRUE
dns53.biz,TRUE
dnsalias.com,TRUE
dnsalias.net,TRUE
dnsalias.org,TRUE
dnsapi.info,TRUE
dnscog.org,TRUE
dnsd.be,TRUE
dnsd.info,TRUE
dnsd.info,TRUE
dnsd.me,TRUE
dnsd.me,TRUE
dnsdojo.com,TRUE
dnsdojo.net,TRUE
dnsdojo.org,TRUE
dnsdynamic.com,TRUE
dnsdynamic.com,TRUE
dnsdynamic.net,TRUE
dnsdynamic.net,TRUE
dnsdynamic.org,TRUE
dnserver.com,TRUE
dnset.com,TRUE
dnsfailover.net,TRUE
dnsforall.org,TRUE
dnsinc.org,TRUE
dnsrd.com,TRUE
dnsrd.com,TRUE
dnssettings.com,TRUE
dnssettings.info,TRUE
dnssettings.net,TRUE
dnssettings.org,TRUE
dnssetup.info,TRUE
dnyp.com,TRUE
dobrinya-resto.ru,TRUE
docnzok.com,TRUE
doctorpopov.com,TRUE
docuprint.com.ar,TRUE
does-it.net,TRUE
doesntexist.com,TRUE
doesntexist.org,TRUE
dogin.su,TRUE
dolgnik.ru,TRUE
doljnik.ru,TRUE
dominickpastore.com,TRUE
donaalfian.com,TRUE
donkeyhot.net,TRUE
dontexist.com,TRUE
dontexist.net,TRUE
dontexist.org,TRUE
doomdns.com,TRUE
doomdns.org,TRUE
doomdns.org,TRUE
doomstuff.com,TRUE
dot.tk,TRUE
dotfree.com,TRUE
doublecheckmd.com,TRUE
doveit.com.au,TRUE
down.to,TRUE
dp3project.org,TRUE
dpmconsulting.biz,TRUE
dpnebraska.com,TRUE
drabasablog.net,TRUE
dragonpress.net,TRUE
dragonsoldier.com,TRUE
dream.org.il,TRUE
drosesrq.com,TRUE
drtak.org,TRUE
drug-addicted.net,TRUE
drugdealer24.info,TRUE
drunkensailor.org,TRUE
dsmtp.com,TRUE
dtamedia.com,TRUE
dtdns.com,TRUE
dtdns.net,TRUE
ducchau.com,TRUE
duetpaseo.ru,TRUE
dumb1.com,TRUE
dumb1.com,TRUE
dustbite.se,TRUE
dvrdns.org,TRUE
dwarfvader.com,TRUE
dyn-o-saur.com,TRUE
dyn.ch,TRUE
dyn.com,TRUE
dynaccess.de,TRUE
dynalias.com,TRUE
dynalias.net,TRUE
dynalias.org,TRUE
dynamic-dns-server.org,TRUE
dynamic-dns.net,TRUE
dynamic-dns.net,TRUE
dynamic-site.net,TRUE
dynamicdns.biz,TRUE
dynamicdns.co,TRUE
dynamicdns.co.uk,TRUE
dynamicdns.com.co,TRUE
dynamicdns.me.uk,TRUE
dynamicdns.org.uk,TRUE
dynamicdomain.net,TRUE
dynamip.com,TRUE
dynathome.net,TRUE
dyndn.org,TRUE
dyndns-at-home.com,TRUE
dyndns-at-work.com,TRUE
dyndns-blog.com,TRUE
dyndns-free.com,TRUE
dyndns-home.com,TRUE
dyndns-ip.com,TRUE
dyndns-mail.com,TRUE
dyndns-office.com,TRUE
dyndns-pics.com,TRUE
dyndns-remote.com,TRUE
dyndns-server.com,TRUE
dyndns-web.com,TRUE
dyndns-wiki.com,TRUE
dyndns-work.com,TRUE
dyndns.biz,TRUE
dyndns.cn,TRUE
dyndns.inf,TRUE
dyndns.org,TRUE
dyndns.pro,TRUE
dyndns.pro,TRUE
dyndns.tv,TRUE
dyndns.ws,TRUE
dyndsn.net,TRUE
dyndsn.org,TRUE
dynet.com,TRUE
dynip.com,TRUE
dynodns.net,TRUE
dynssl.com,TRUE
dynup.net,TRUE
e-education.hk,TRUE
e-junky.net,TRUE
e-m-a-i-l.org,TRUE
e-sluts.net,TRUE
eaglenovelty.com,TRUE
eaglepoint.us,TRUE
earldouglas.com,TRUE
easefun.hk,TRUE
eastsidepianostudio.com,TRUE
easyeatout.com,TRUE
easyisp.net,TRUE
ebiggs.com,TRUE
echeloncwb.com,TRUE
echoparklake.com,TRUE
eco-clima.com,TRUE
ecoproduct.org,TRUE
ecorussia.info,TRUE
ecosk.ru,TRUE
edelhost.com,TRUE
editdns.net,TRUE
edns.biz,TRUE
edns.biz,TRUE
edu-dmitrov.ru,TRUE
edudns.org,TRUE
effers.com,TRUE
efnet.at,TRUE
efnet.me,TRUE
egate.my,TRUE
eggdr0p.in,TRUE
eib1.ru,TRUE
eiskgd.ru,TRUE
ejentertainment.com,TRUE
electrosphere.net,TRUE
elementalenergy.net,TRUE
elesium.com,TRUE
eli7.net,TRUE
elitedudes.org,TRUE
elitesystem.net,TRUE
elitter.net,TRUE
elluminatemoodle.com,TRUE
elprosys.com,TRUE
emakc.ru,TRUE
embeddeddesigners.com,TRUE
embeddedsw.org,TRUE
emetron.ru,TRUE
empires-r.us,TRUE
emtoi.org,TRUE
enblom.org,TRUE
endlessmovie.com,TRUE
endofinternet.net,TRUE
endofinternet.org,TRUE
endoftheinternet.org,TRUE
enemyterritory.org,TRUE
energymechanical.net,TRUE
engels.lu,TRUE
engineercertainly.in,TRUE
english-lakes.com,TRUE
enhancedmd.com,TRUE
enklawanetwork.pl,TRUE
enter42.ru,TRUE
entermypicks.com,TRUE
entest.com.ar,TRUE
eof.lv,TRUE
epac.to,TRUE
epac.to,TRUE
eparus.ru,TRUE
epbsoft.com,TRUE
epolet5.ru,TRUE
epu.hu,TRUE
erdemkaya.com,TRUE
ericfox.hk,TRUE
erke.biz.tr,TRUE
erki.net,TRUE
ero-forum.net,TRUE
escadaltd.ru,TRUE
esesglobal.com,TRUE
esmtp.biz,TRUE
esmtp.biz,TRUE
esolangs.org,TRUE
esomnio.com,TRUE
esrealm.com,TRUE
essoft.ru,TRUE
essyeisen.com,TRUE
est-a-la-masion.com,TRUE
est-le-patron.com,TRUE
est-mon-blogueur.com,TRUE
estart.org.za,TRUE
estebangumucio.cl,TRUE
estr.com.ru,TRUE
eternaldarkness.org,TRUE
etherbyte.com,TRUE
etowns.net,TRUE
etowns.org,TRUE
eu.org,TRUE
europnic.com,TRUE
eurotravelling.net,TRUE
euroverb.com,TRUE
eurovision2009.ru,TRUE
eurovisionticket.ru,TRUE
evdefilm.net,TRUE
everton.com,TRUE
everydns.com,TRUE
everydns.net,TRUE
evilfuckerz.biz,TRUE
evilfuckerz.org,TRUE
evilgiggle.com,TRUE
evilgold.net,TRUE
evils.in,TRUE
evromost.ru,TRUE
evrovision2009.ru,TRUE
eworx.ru,TRUE
exotic-construct.ro,TRUE
exploits-bg.com,TRUE
extrememu.ru,TRUE
extrimtur.com,TRUE
eye.rs,TRUE
ez.lv,TRUE
ezmangaforums.com,TRUE
ezua.com,TRUE
ezua.com,TRUE
ezxdev.org,TRUE
f10.ca,TRUE
fabystore.com,TRUE
facaf.org.ar,TRUE
facildelembrar.com,TRUE
facildelembrar.com.br,TRUE
fadlifirmansyah.com,TRUE
fairuse.org,TRUE
falcongreen.com,TRUE
fan-club.ro,TRUE
fans.ro,TRUE
fantazymu.net,TRUE
faqserv.com,TRUE
faqserv.com,TRUE
farm-animals.com,TRUE
farmerspike.com,TRUE
farted.net,TRUE
fartit.com,TRUE
fartit.com,TRUE
fasl.info,TRUE
fasttractrans.com,TRUE
fatdiary.org,TRUE
fatesperfection.com,TRUE
fathorse.net,TRUE
fatpipi.com,TRUE
fcsillamae.ee,TRUE
fdrx7.com,TRUE
fe100.net,TRUE
fe100.net,TRUE
feared.eu,TRUE
fedmik.ru,TRUE
feetexposed.com,TRUE
ferratek.com,TRUE
feynd.com,TRUE
ffasoft.ru,TRUE
fiberlink.eu,TRUE
fiducheah.com,TRUE
filcor.ru,TRUE
file-tracker.net,TRUE
film4fun.ru,TRUE
filmdiziseyret.net,TRUE
filmeonlinefree.net,TRUE
filmesonlinemegavideo.com,TRUE
filmhunter.ru,TRUE
filmresurs.ru,TRUE
filmrightnow.ru,TRUE
filmsalonu.net,TRUE
filterbypass.com,TRUE
fin-tech.com,TRUE
finalfilm.ru,TRUE
finger-and-snix-ownz-sayan.org,TRUE
fintech-llc.com,TRUE
fire-birds.net,TRUE
firefoxsupport.net,TRUE
firm.lv,TRUE
firstreef.net,TRUE
fite.cat,TRUE
fitnessrepairparts.com,TRUE
fivepals.com,TRUE
fivetwelve.biz,TRUE
fixen.com.ar,TRUE
flash-games-online.net,TRUE
flnet.org,TRUE
flsweb.org,TRUE
fly-net.ro,TRUE
fobos.org.ar,TRUE
fohra.com,TRUE
fons.org.np,TRUE
foodfight.co.za,TRUE
for-better.biz,TRUE
for-more.biz,TRUE
for-our.info,TRUE
for-some.biz,TRUE
for-the.biz,TRUE
for-the.biz,TRUE
fordefrans.ru,TRUE
forgot.her.name,TRUE
forgot.his.name,TRUE
forondafamily.net,TRUE
forss.to,TRUE
forthebride.co.za,TRUE
fotonet.ee,TRUE
fotoset.su,TRUE
fr.am,TRUE
fr.ms,TRUE
framed.net,TRUE
frankgiotto.com,TRUE
freeavailabledomains.com,TRUE
freebom.com,TRUE
freebsd.md,TRUE
freecandy.org,TRUE
freeddns.com,TRUE
freedns.mobi,TRUE
freedynamicdns.com,TRUE
freelancewise.com,TRUE
freesa.org,TRUE
freetcp.com,TRUE
freewww.biz,TRUE
freewww.info,TRUE
freezed.info,TRUE
from-ak.com,TRUE
from-al.com,TRUE
from-ar.com,TRUE
from-az.net,TRUE
from-ca.com,TRUE
from-co.net,TRUE
from-ct.com,TRUE
from-dc.com,TRUE
from-de.com,TRUE
from-fl.com,TRUE
from-ga.com,TRUE
from-hi.com,TRUE
from-ia.com,TRUE
from-id.com,TRUE
from-il.com,TRUE
from-in.com,TRUE
from-in.com,TRUE
from-ks.com,TRUE
from-ky.com,TRUE
from-la.net,TRUE
from-ma.com,TRUE
from-md.com,TRUE
from-me.org,TRUE
from-mi.com,TRUE
from-mn.com,TRUE
from-mo.com,TRUE
from-ms.com,TRUE
from-mt.com,TRUE
from-nc.com,TRUE
from-nd.com,TRUE
from-ne.com,TRUE
from-nh.com,TRUE
from-nj.com,TRUE
from-nm.com,TRUE
from-nv.com,TRUE
from-ny.net,TRUE
from-oh.com,TRUE
from-ok.com,TRUE
from-or.com,TRUE
from-pa.com,TRUE
from-pr.com,TRUE
from-ri.com,TRUE
from-sc.com,TRUE
from-sd.com,TRUE
from-tn.com,TRUE
from-tx.com,TRUE
from-ut.com,TRUE
from-va.com,TRUE
from-vt.com,TRUE
from-wa.com,TRUE
from-wi.com,TRUE
from-wv.com,TRUE
from-wy.com,TRUE
frozenbrain.com,TRUE
ftp.sh,TRUE
ftp1.biz,TRUE
ftp21.net,TRUE
ftpaccess.cc,TRUE
ftpserver.biz,TRUE
fubit.eu,TRUE
fuck-off-o.org,TRUE
fuckcentral.com,TRUE
fuckd.me,TRUE
fuentesderubielos.com,TRUE
fuettertdasnetz.de,TRUE
ful.pl,TRUE
fulltimevillain.net,TRUE
funkar.nu,TRUE
funnyclip.us,TRUE
funtimes.co.za,TRUE
fusedworld.com,TRUE
fvalente.net,TRUE
galina-mitrofanova.ru,TRUE
game-fort.ru,TRUE
game-host.org,TRUE
game-server.cc,TRUE
gamers.lt,TRUE
gamesbits.net,TRUE
gamesisland.net,TRUE
gamesnet.ro,TRUE
gamesrevival.ru,TRUE
gameyg.com,TRUE
gamezaz.com,TRUE
gangs.ro,TRUE
gangsta-paradise.org,TRUE
ganja.nl,TRUE
garbett.org,TRUE
garmanage.com,TRUE
garmet.co.uk,TRUE
gatesweb.info,TRUE
gayhotelsgreece.com,TRUE
gbitbox.com,TRUE
gbpfoundation.org,TRUE
gbsmarketing.com,TRUE
gelen-grad.ru,TRUE
gembongcc.com,TRUE
gemps.com,TRUE
gentry.io,TRUE
geobattery.com,TRUE
getce.com,TRUE
getmyip.com,TRUE
gets-it.net,TRUE
gettrials.com,TRUE
ghaman.com,TRUE
ghostnation.org,TRUE
ghrom.com,TRUE
gidpogorodu.ru,TRUE
gifin.ru,TRUE
gifto.pl,TRUE
giftz4all.com,TRUE
gigaportal.pl,TRUE
giorgiogiulio.cl,TRUE
gisantes.com,TRUE
givemefish.com,TRUE
glclearningcenter.com,TRUE
glendel.com,TRUE
globalkangen.org,TRUE
glowacka.eu,TRUE
glx.nl,TRUE
gmanual.net,TRUE
gmasini.ru,TRUE
go.dyndns.org,TRUE
go.org.ve,TRUE
goldfashion.hk,TRUE
good-newz.org,TRUE
good.one.pl,TRUE
goofyspeak.com,TRUE
google-it.info,TRUE
gorila.ro,TRUE
gorod-sochi.info,TRUE
gossipcraze.com,TRUE
got-game.org,TRUE
got-game.org,TRUE
gotdns.co.uk,TRUE
gotdns.com,TRUE
gotdns.org,TRUE
gotgeeks.com,TRUE
gotgenes.com,TRUE
gottegris.nu,TRUE
govnopedia.ru,TRUE
gr8domain.biz,TRUE
gr8name.biz,TRUE
graant.net,TRUE
graficom.pl,TRUE
grandmasgossip.com,TRUE
gravis.ca,TRUE
greatectranslation.ca,TRUE
greece-greece.com,TRUE
greek-vacation.gr,TRUE
greekfiles.com,TRUE
green-heroes.com,TRUE
greencats.ro,TRUE
greensoft.ro,TRUE
groks-the.info,TRUE
groks-this.info,TRUE
grooveasia.com,TRUE
groupiso.com,TRUE
grpn.ru,TRUE
grupompr.com,TRUE
gruppaks.ru,TRUE
grzeszy.net,TRUE
gtesociety.org,TRUE
gtinfo.com.ar,TRUE
gtop.ro,TRUE
gtopala.info,TRUE
guf.fi,TRUE
guff.se,TRUE
guichetweb.com,TRUE
guilded.org,TRUE
gurcanozturk.com,TRUE
gusni.com,TRUE
gv.vg,TRUE
gw.lt,TRUE
h-beeb.com,TRUE
h-o-s-t.name,TRUE
h0stname.net,TRUE
h1x.com,TRUE
h4ck.la,TRUE
h4ck.me,TRUE
h4n.jp,TRUE
habal-habal.org,TRUE
hack-inter.net,TRUE
hacked.jp,TRUE
hackedbox.net,TRUE
hackedserver.net,TRUE
hackquest.com,TRUE
hairypiano.com,TRUE
half-life.org,TRUE
haliq.com,TRUE
haliq.net,TRUE
halliance.org,TRUE
ham-radio-op.net,TRUE
ham.cx,TRUE
hamradioonline.net,TRUE
hamshack.info,TRUE
hanintel.com,TRUE
hanisch.com,TRUE
hapkido24.ru,TRUE
happyforever.com,TRUE
hardcoretorrents.net,TRUE
hardwarearmory.com,TRUE
harisabtu.com,TRUE
harovsk.com,TRUE
hashcube.com,TRUE
hayeshelp.com,TRUE
hbo.rs,TRUE
hdtv-shows.net,TRUE
hdvideo.ca,TRUE
healthedesk.com,TRUE
heavymusic.pl,TRUE
heilig.com,TRUE
heliaed.ee,TRUE
hello44.com,TRUE
hemisol.com,TRUE
henlemanagement.com,TRUE
her-real.name,TRUE
here-for-more.info,TRUE
heunkarm.com,TRUE
hhnhomes.com,TRUE
hiddencorner.org,TRUE
hiehting.com,TRUE
high-elements.com,TRUE
higharcs.org,TRUE
highgames.com.br,TRUE
hijaxdesigns.com,TRUE
hin.tw,TRUE
his-real.name,TRUE
hishill.org,TRUE
hitremixes.com,TRUE
hk.ms,TRUE
hkqun.com,TRUE
hmail.us,TRUE
hoahoc.org,TRUE
hobby-site.com,TRUE
hobby-site.org,TRUE
hoenjet.org,TRUE
holverson.org,TRUE
home.dyndns.org,TRUE
home.kg,TRUE
homedns.org,TRUE
homeftp.org,TRUE
homeip.net,TRUE
homelinux.com,TRUE
homelinux.net,TRUE
homelinux.org,TRUE
homenet.org,TRUE
homeunix.com,TRUE
homeunix.net,TRUE
homeunix.org,TRUE
hoopdriver.ca,TRUE
hopewill.com,TRUE
hopto.org,TRUE
horosho.tv,TRUE
host2go.net,TRUE
hostent.org,TRUE
hostfile.org,TRUE
hotel-leo.ru,TRUE
hotellyon.com.ar,TRUE
howellconsulting.ca,TRUE
hpc.tw,TRUE
hqrls.com,TRUE
hs.vc,TRUE
hsinchu.tv,TRUE
http01.com,TRUE
http80.info,TRUE
https443.com,TRUE
https443.net,TRUE
https443.org,TRUE
hulichicken.com,TRUE
hunnur.com,TRUE
hyde.ws,TRUE
hypershop.ru,TRUE
i-t.me,TRUE
i989.net,TRUE
iaccept.com,TRUE
iamallama.com,TRUE
iban.org.uk,TRUE
ibiz.hk,TRUE
ibooks.tk,TRUE
iceblaze.com,TRUE
icechim-pd.ro,TRUE
icello.in,TRUE
icfar.com,TRUE
icg.hk,TRUE
icomgroupe.com,TRUE
icon.pk,TRUE
id.web.id,TRUE
ideacraft.org,TRUE
idee.ca,TRUE
idlegames.com,TRUE
idlegames.net,TRUE
idleplay.net,TRUE
idtricouri.ro,TRUE
idyllicchick.com,TRUE
iesa.org.il,TRUE
ift.cx,TRUE
ig42.org,TRUE
igirl.ru,TRUE
igliss.com,TRUE
ignitesault.ca,TRUE
ignorelist.com,TRUE
igricegames.com,TRUE
igster.org,TRUE
ih4ck.com,TRUE
iiiii.info,TRUE
iix.cl,TRUE
ikwb.com,TRUE
ikwb.com,TRUE
ileamare.ru,TRUE
ilkor.com,TRUE
illcoder.net,TRUE
ilovedaff.ru,TRUE
imagepermanenceinstitute.org,TRUE
imagetemplate.com,TRUE
imagetemplate.net,TRUE
imap01.com,TRUE
imap01.com,TRUE
imatch.tv,TRUE
imboy.ru,TRUE
imly.org,TRUE
in-the-band.net,TRUE
inc.gs,TRUE
index.tc,TRUE
indie2.ru,TRUE
indirmeden-filmizle.tk,TRUE
indirmedenfilmizle.net,TRUE
indopb.biz,TRUE
inergy.ca,TRUE
infinite-lives.com,TRUE
infis.net.ru,TRUE
info.gf,TRUE
info.ms,TRUE
info.tm,TRUE
info14.se,TRUE
infocicilan.com,TRUE
infogiftz.net,TRUE
infoudec.org,TRUE
inkangs.com,TRUE
inspiral.ee,TRUE
instanthq.com,TRUE
instanthq.com,TRUE
intec.es,TRUE
integral-web.ru,TRUE
intellcom.com.mx,TRUE
interiorxtras.com,TRUE
internet-slackers.us,TRUE
interpal.info,TRUE
inurhead.com,TRUE
invaliddns.com,TRUE
iolhks.hk,TRUE
ionexusa.com,TRUE
iownyour.biz,TRUE
iownyour.biz,TRUE
iownyour.org,TRUE
iownyour.org,TRUE
iptelesys.net,TRUE
ipupdate.org,TRUE
irc.so,TRUE
ircbox.eu,TRUE
ircop.cn,TRUE
ircr.info,TRUE
ircy.gr,TRUE
irisinc.in,TRUE
irma.is,TRUE
ironcouncil.net,TRUE
irpp.ru,TRUE
is-a-anarchist.com,TRUE
is-a-blogger.com,TRUE
is-a-bookkeeper.com,TRUE
is-a-bruinsfan.org,TRUE
is-a-bulls-fan.com,TRUE
is-a-candidate.org,TRUE
is-a-caterer.com,TRUE
is-a-celticsfan.org,TRUE
is-a-chef.com,TRUE
is-a-chef.net,TRUE
is-a-chef.org,TRUE
is-a-conservative.com,TRUE
is-a-cpa.com,TRUE
is-a-cubicle-slave.com,TRUE
is-a-democrat.com,TRUE
is-a-designer.com,TRUE
is-a-doctor.com,TRUE
is-a-financialadvisor.com,TRUE
is-a-geek.com,TRUE
is-a-geek.net,TRUE
is-a-geek.org,TRUE
is-a-green.com,TRUE
is-a-guru.com,TRUE
is-a-hard-worker.com,TRUE
is-a-hunter.com,TRUE
is-a-knight.org,TRUE
is-a-landscaper.com,TRUE
is-a-lawyer.com,TRUE
is-a-liberal.com,TRUE
is-a-libertarian.com,TRUE
is-a-linux-user.org,TRUE
is-a-llama.com,TRUE
is-a-musician.com,TRUE
is-a-nascarfan.com,TRUE
is-a-nurse.com,TRUE
is-a-painter.com,TRUE
is-a-patsfan.org,TRUE
is-a-personaltrainer.com,TRUE
is-a-photographer.com,TRUE
is-a-player.com,TRUE
is-a-republican.com,TRUE
is-a-rockstar.com,TRUE
is-a-socialist.com,TRUE
is-a-soxfan.org,TRUE
is-a-student.com,TRUE
is-a-teacher.com,TRUE
is-a-techie.com,TRUE
is-a-therapist.com,TRUE
is-an-accountant.com,TRUE
is-an-actor.com,TRUE
is-an-actress.com,TRUE
is-an-anarchist.com,TRUE
is-an-artist.com,TRUE
is-an-engineer.com,TRUE
is-an-entertainer.com,TRUE
is-by.us,TRUE
is-certified.com,TRUE
is-found.org,TRUE
is-gone.com,TRUE
is-into-anime.com,TRUE
is-into-cars.com,TRUE
is-into-cartoons.com,TRUE
is-into-games.com,TRUE
is-leet.com,TRUE
is-lost.org,TRUE
is-not-certified.com,TRUE
is-saved.org,TRUE
is-slick.com,TRUE
is-uberleet.com,TRUE
is-very-bad.org,TRUE
is-very-evil.org,TRUE
is-very-good.org,TRUE
is-very-nice.org,TRUE
is-very-sweet.org,TRUE
is-with-theband.com,TRUE
isa-geek.com,TRUE
isa-geek.net,TRUE
isa-geek.org,TRUE
isa-hockeynut.com,TRUE
isasecret.com,TRUE
isdigital.com,TRUE
iseoz.com,TRUE
isgreat.cn,TRUE
isholdings.com,TRUE
islamicnetwork.com,TRUE
ismoke.hk,TRUE
isofa.org,TRUE
israel.li,TRUE
issmarterthanyou.com,TRUE
istart.com.au,TRUE
isteingeek.de,TRUE
istmein.de,TRUE
isudo.ru,TRUE
it-geek.net,TRUE
it-user.ru,TRUE
it.cx,TRUE
it911.ca,TRUE
itechnus.com,TRUE
itemdb.com,TRUE
itemxp.net,TRUE
itl.me,TRUE
itrainers.ru,TRUE
itsaol.com,TRUE
iu4ever.org,TRUE
iugaming.com,TRUE
ivanovslava.ru,TRUE
ivanpoliakov.ru,TRUE
ivc.cc,TRUE
ivc.org.ar,TRUE
ivonin.org,TRUE
iwaveaudio.com,TRUE
ix.tc,TRUE
iyb.ca,TRUE
iz.rs,TRUE
izvor.ru,TRUE
j-fuchs.com,TRUE
j-id.ru,TRUE
j-system.ru,TRUE
j4.ru,TRUE
jacksonvillephoto.com,TRUE
jade-hamburg.de,TRUE
jadi.ir,TRUE
jairosolutions.net,TRUE
jameswismer.ca,TRUE
jandjsitebuilders.com,TRUE
japan.is,TRUE
javafaq.nu,TRUE
javasurya.com,TRUE
jawapos.com,TRUE
jaytex.ca,TRUE
jcom2u.com,TRUE
jctc.in,TRUE
jdm-uk.com,TRUE
jdsemnan.ac.ir,TRUE
jefaerosol.free.fr,TRUE
jeffanderson.com,TRUE
jeffkingonline.com,TRUE
jerkface.net,TRUE
jesus.si,TRUE
jetos.com,TRUE
jetos.com,TRUE
jetos.com,TRUE
jezets.com,TRUE
jin.tw,TRUE
jkkiovo.ru,TRUE
jkub.com,TRUE
jkub.com,TRUE
jlengineering.se,TRUE
jmstudios.com,TRUE
jobelist.com,TRUE
jocuriok.md,TRUE
joe.dj,TRUE
joiavip.com.br,TRUE
jop.mx,TRUE
joparty.net,TRUE
joshuazeidner.com,TRUE
joy-shop.org,TRUE
jp-sa.org,TRUE
jpe.gs,TRUE
jploh.com,TRUE
jsaravi.com.ar,TRUE
jtxrw.com,TRUE
jualhigoat.com,TRUE
judgealicelightle.org,TRUE
juicyadult.com,TRUE
jul.li,TRUE
jumpingcrab.com,TRUE
jundy.org,TRUE
jungleheart.com,TRUE
jungleheart.com,TRUE
just8teen.net,TRUE
justdied.com,TRUE
justdied.com,TRUE
justtrade.us,TRUE
justus.co.id,TRUE
k.vu,TRUE
k22.su,TRUE
k2camping.com,TRUE
kacnep.ru,TRUE
kadieu.com,TRUE
kadirpolat.net.tr,TRUE
kalamitystudio.ca,TRUE
kaleebso.com,TRUE
kalja.info,TRUE
kamin220v.ru,TRUE
kangenromania.info,TRUE
kaohsiung.tv,TRUE
karensonline.com,TRUE
karenstiehlosborn.com,TRUE
kb.hk,TRUE
kbo00.com,TRUE
kccakes.com,TRUE
kck-saratov.ru,TRUE
kdroofing.ie,TRUE
kebamnet.biz,TRUE
kebanyakan.cc,TRUE
keep.se,TRUE
kehair.com,TRUE
kein.hk,TRUE
keine-panik.net,TRUE
keramastroy.ru,TRUE
keren.la,TRUE
kern.pt,TRUE
kernelhacker.org,TRUE
kero.ro,TRUE
kertas-nusantara.com,TRUE
ketnoi3g.com,TRUE
keygen.com.ru,TRUE
keygen.net.ru,TRUE
kiani.com,TRUE
kibanov.ru,TRUE
kicks-ass.net,TRUE
kicks-ass.org,TRUE
kidscenterky.org,TRUE
kilobit-kazan.ru,TRUE
kingsem.ru,TRUE
kinnetix.com,TRUE
kir22.ru,TRUE
kirschbaumusa.com,TRUE
kitayori.cl,TRUE
kiteg.info,TRUE
kk.tc,TRUE
klapa.eu,TRUE
kli.hk,TRUE
kliker.org,TRUE
knowsitall.info,TRUE
kompaniet.nu,TRUE
koolsonic.com,TRUE
kopipanas.com,TRUE
kos-kos.com,TRUE
kosh.la,TRUE
kosmoweb.ru,TRUE
koukourou.net,TRUE
kozmubg.net,TRUE
krash.net,TRUE
krasnoff.info,TRUE
krneki.biz,TRUE
ks-lab.ru,TRUE
ksk-saratov.ru,TRUE
kurstenge.kz,TRUE
kvitova.te.ua,TRUE
kvlasov.ru,TRUE
kwun.org,TRUE
kyrgyzstan.kg,TRUE
kz.com.ru,TRUE
l.to,TRUE
la12pte.com.ar,TRUE
la21jeju.or.kr,TRUE
lab.im,TRUE
labibila.31344.com,TRUE
labo.ch,TRUE
ladyz.alyx.isthebe.st,TRUE
laextradeocotlan.com.mx,TRUE
lafayettewineclub.com,TRUE
lagds-bremen.de,TRUE
lagrotta4u.de,TRUE
lahfdb.com,TRUE
lamer.la,TRUE
lamivolt.com,TRUE
lamivolts.com,TRUE
lana-lid.ru,TRUE
lanaciondelislam.org,TRUE
lanaspot.com,TRUE
land-4-sale.us,TRUE
landofasses.com,TRUE
landonhouseminis.com,TRUE
langnet.ru,TRUE
langtind.no,TRUE
lanser.lv,TRUE
laos-airlines.com,TRUE
lapasion.pl,TRUE
lapsmasters.org,TRUE
largerhope.org,TRUE
lasermaxx.net,TRUE
latinmix.com,TRUE
lazydalmatian.com,TRUE
lc90.com,TRUE
ldvg.ru,TRUE
lebtimnetz.de,TRUE
leecantu.com,TRUE
leedichter.com,TRUE
leet.hu,TRUE
leet.la,TRUE
leete.ru,TRUE
legalmatters.biz,TRUE
legalmusicsearch.com,TRUE
leiflundgren.com,TRUE
leitungsen.de,TRUE
lenk.se,TRUE
lenxe.com,TRUE
lesbianbath.com,TRUE
lesifem.com,TRUE
lets.dj,TRUE
lewishamfilminitiative.com,TRUE
lexisfootfetish.com,TRUE
lflink.com,TRUE
lflinkup.com,TRUE
lflinkup.net,TRUE
lflinkup.org,TRUE
liandre.ee,TRUE
life-on-track.com,TRUE
life24h.net,TRUE
life4me.info,TRUE
likes-pie.com,TRUE
likes.cc,TRUE
likescandy.com,TRUE
likidetstva.ru,TRUE
lincolndepot.com,TRUE
linhkienxehoi.com,TRUE
linium.net,TRUE
linium.us,TRUE
linkin.tw,TRUE
linsochki.ru,TRUE
linux-dude.com,TRUE
linux-site.net,TRUE
linuxblog.ro,TRUE
linuxd.net,TRUE
linuxd.org,TRUE
linuxforall.com,TRUE
linuxlabs.biz,TRUE
linuxmaniac.net,TRUE
linuxsecured.net,TRUE
linuxx.org,TRUE
lioha.com,TRUE
lionrockinstitute.org,TRUE
liquid-world.com,TRUE
liscohvac.com,TRUE
lislon.ru,TRUE
lissa.ru,TRUE
listhop.com,TRUE
listhop.net,TRUE
listhop.org,TRUE
lisus.com.ar,TRUE
literae.eloyed.com,TRUE
literalseduction.net,TRUE
litt.us,TRUE
littlebugs.net,TRUE
littledreams.com.ar,TRUE
littlehauler.com,TRUE
littleonescarseats.com,TRUE
live.mp3guest.com,TRUE
live4u.in,TRUE
livetolearn.org,TRUE
livewave.ru,TRUE
ljhb.se,TRUE
lkray.ru,TRUE
loan-provider.com,TRUE
localist.biz,TRUE
lol.vc,TRUE
lolibooru.com,TRUE
lolk.org,TRUE
lolomgwtfbbq.info,TRUE
lolwut.net,TRUE
longmusic.com,TRUE
lonkerlawgroup.com,TRUE
lookitupongoogle.com,TRUE
lootbot.net,TRUE
lordofthefobs.com,TRUE
lostmessage.com,TRUE
lotante.cn,TRUE
loteriaspico.com,TRUE
lotzer.com,TRUE
love-is.ru,TRUE
love.cn,TRUE
loveafraid.com.ar,TRUE
lovee.com.my,TRUE
lovethosetrains.com,TRUE
lpcpower.com,TRUE
lpscss-bm.ro,TRUE
lsd.org.br,TRUE
luckyweaving.com,TRUE
luxurypeople.ru,TRUE
m,TRUE
m0n.org,TRUE
m0zilla.com,TRUE
m3th.org,TRUE
m4f.es,TRUE
macband.net,TRUE
macrofox.org,TRUE
macsauto-indonesia.com,TRUE
madhacker.biz,TRUE
mafia-ag.info,TRUE
maidlab.jp,TRUE
mail11.net,TRUE
mailhos.com.ar,TRUE
maise.org,TRUE
maitum.gov.ph,TRUE
majormud.org,TRUE
make.com.ar,TRUE
makny.us,TRUE
maksimchuk.ru,TRUE
malam.or.id,TRUE
malc.in,TRUE
managedproperty.info,TRUE
manchzhury.ru,TRUE
manele4u.org,TRUE
mankenskiold.se,TRUE
march-hare.org,TRUE
margeners.cat,TRUE
marieblazek.com,TRUE
markching.com,TRUE
markhagan.me,TRUE
marriedgeek.com,TRUE
mastersource.info,TRUE
mathcrackers.com,TRUE
matslats.net,TRUE
maxfiles.org,TRUE
mazdarx7.com,TRUE
mazikina.ru,TRUE
mbeng.biz,TRUE
mcasolutions.info,TRUE
mdlab.ru,TRUE
mdr-clan.de,TRUE
measelmusic.com,TRUE
medialand.net,TRUE
medicine-opera.com,TRUE
medicost.org,TRUE
medicris.ro,TRUE
mefound.com,TRUE
mega-slot.com,TRUE
megamik.si,TRUE
melakaboy.com,TRUE
melodygroup.cl,TRUE
memorama.ru,TRUE
menpera.go.id,TRUE
mentawairesponse.org,TRUE
merila.net,TRUE
merseine.nu,TRUE
mersul-trenurilor-cfr-calatori.ro,TRUE
meruba.co.il,TRUE
meydanoptik.com,TRUE
meyersvisioncare.com,TRUE
mezmereyesmakeup.com,TRUE
mfb-office.de,TRUE
mflower.ru,TRUE
mg.co.kr,TRUE
mh-hundesport.de,TRUE
mhicustom.com,TRUE
mhm1932.ru,TRUE
mialoo.com,TRUE
mideasttravelling.net,TRUE
mikata.ru,TRUE
miklus.ru,TRUE
mil.nf,TRUE
milstone.net,TRUE
milstone.org,TRUE
mindhackers.org,TRUE
mindstet.com,TRUE
mine.bz,TRUE
mine.nu,TRUE
minecraftnation.net,TRUE
mir-vam.ru,TRUE
mirolnet.com,TRUE
misconfused.org,TRUE
misecure.com,TRUE
mit-info.com,TRUE
mitinfo.com,TRUE
mkm.com.tr,TRUE
mldk.org,TRUE
mlwartman.com,TRUE
mm.am,TRUE
mmotunnel.web.id,TRUE
mmsalles.com.br,TRUE
mmtest.ru,TRUE
mnikolic.com,TRUE
mnlawyers.com,TRUE
mnogodom.ru,TRUE
mobilamobila.ro,TRUE
moldeointeractive.com.ar,TRUE
money-market.gr,TRUE
moneyhome.biz,TRUE
moneyslut.com,TRUE
monitorip.com,TRUE
monkey.gr,TRUE
monopolepower.com,TRUE
moochurch.com,TRUE
moonangel.com,TRUE
mooo.com,TRUE
mooo.info,TRUE
morfdynamics.com,TRUE
morganaweb.net,TRUE
morganisageek.org,TRUE
morry.ru,TRUE
mortan.info,TRUE
mossoloaof.com,TRUE
movie.jp,TRUE
moviefilm.ru,TRUE
movister.ru,TRUE
mport.info,TRUE
mrbasic.com,TRUE
mrbonus.com,TRUE
mrcomputer.net,TRUE
mrface.com,TRUE
mrnorris.com,TRUE
mrslove.com,TRUE
mscams.com,TRUE
msdnbangladesh.net,TRUE
msw-technologies.de,TRUE
mtg-rus.com,TRUE
mtgathering.ru,TRUE
mtgn.net,TRUE
mtrgood.com,TRUE
mtrstore.com,TRUE
muhammadiyah.org.sg,TRUE
mukulsheth.com,TRUE
multicop.com.ar,TRUE
multikirus.info,TRUE
multipleers.ru,TRUE
multiverso.info,TRUE
muonline.ca,TRUE
musicfm.ro,TRUE
my-net-space.net,TRUE
my-rock-music.ru,TRUE
my03.com,TRUE
mybrewbuddies.com,TRUE
mycash.com.ar,TRUE
mydad.info,TRUE
myddns.com,TRUE
mydyndns.biz,TRUE
mydyndns.com,TRUE
mydyndns.info,TRUE
mydyndns.net,TRUE
mydyndns.org,TRUE
myftp.biz,TRUE
myftp.info,TRUE
myftp.name,TRUE
myftp.org,TRUE
myftpsite.net,TRUE
myfw.us,TRUE
mygamesite.net,TRUE
mygrasp.net,TRUE
myip.org,TRUE
myjobseye.com,TRUE
mylftv.com,TRUE
mylife.ro,TRUE
mylogisoft.com,TRUE
mymom.info,TRUE
mynameis.in,TRUE
mynet.ru,TRUE
mynetav.net,TRUE
mynetav.org,TRUE
mynfo.ca,TRUE
mynumber.org,TRUE
mypets.ws,TRUE
myphotos.cc,TRUE
mypicture.info,TRUE
mypop3.org,TRUE
myrobots.gr,TRUE
mysaol.com,TRUE
mysecondarydns.com,TRUE
myshopbox.com,TRUE
mysq1.net,TRUE
mystreetdirectory.com,TRUE
mytvil.com,TRUE
myvnc.com,TRUE
mywayaround.com,TRUE
mywww.biz,TRUE
myxop.com,TRUE
myz.info,TRUE
n-e-t.name,TRUE
n10.nl,TRUE
na.tl,TRUE
nacija.lt,TRUE
nagyokos.ro,TRUE
nakedracer.biz,TRUE
naken.net,TRUE
nameyourspace.net,TRUE
nan.cl,TRUE
napivicc.com,TRUE
nard.ca,TRUE
naru.to,TRUE
nash-rybinsk.ru,TRUE
naturalliving.hk,TRUE
nau.us,TRUE
naughtybound.com,TRUE
navigogroup.cl,TRUE
nazari.org,TRUE
nc.org.za,TRUE
neary-consulting.com,TRUE
neat-url.com,TRUE
nedvighimost-sochi.ru,TRUE
negeriau.net,TRUE
nerd.at,TRUE
nerdfighteria.net,TRUE
nerdynick.net,TRUE
nesfeder.net,TRUE
net.ms,TRUE
net.ua,TRUE
net2apps.com,TRUE
net95.org,TRUE
netgameonline.com,TRUE
netinet.net,TRUE
netkom.ru,TRUE
netmask.ca,TRUE
netreadygo.com,TRUE
netscaler.ru,TRUE
netsplit.co,TRUE
networkdigital.net,TRUE
networkinglab.net,TRUE
nevalain.ru,TRUE
nevskayaratusha.ru,TRUE
newagedesign.es,TRUE
neweb.co.il,TRUE
newjerseybass.com,TRUE
newsexstories.com,TRUE
nextmercury.com,TRUE
nhachot.info,TRUE
nhl-center.com,TRUE
niar.tv,TRUE
niau.org,TRUE
nicam.ch,TRUE
niifhm.ru,TRUE
nikvdp.com,TRUE
ninjacodemonkeys.org,TRUE
ninth.biz,TRUE
nite-serv.com,TRUE
nitrousexpress.info,TRUE
nix.net.ru,TRUE
njhurst.com,TRUE
njhurst.org,TRUE
nl-web.com,TRUE
nl-web.net,TRUE
nl.am,TRUE
nlpd.net.au,TRUE
nnc.ro,TRUE
no-ip.biz,TRUE
no-ip.com,TRUE
no-ip.info,TRUE
no-ip.org,TRUE
no-ip.tv,TRUE
noc.su,TRUE
noccy.com,TRUE
nohat.cn,TRUE
nohd.ru,TRUE
nomadcf.com,TRUE
nonmundane.com,TRUE
nonze.ro,TRUE
nori.jp,TRUE
notaccepted.info,TRUE
notuvio.com,TRUE
novafeed.cl,TRUE
now.im,TRUE
npfhosting.ru,TRUE
npnardo.ru,TRUE
nprog.ru,TRUE
nrfulton.org,TRUE
nrp.com.np,TRUE
ns01.biz,TRUE
ns01.info,TRUE
ns01.us,TRUE
ns02.biz,TRUE
ns02.info,TRUE
ns02.info,TRUE
ns02.us,TRUE
ns1.name,TRUE
ns2.name,TRUE
ns3.name,TRUE
ns3.name,TRUE
ns360.info,TRUE
nsmp.ru,TRUE
nswier.edu.au,TRUE
ntdll.net,TRUE
nuance-dent.ru,TRUE
nucky.org,TRUE
nukenin.com,TRUE
nullvisuals.com,TRUE
nuptialimages.com,TRUE
nuumc.ru,TRUE
nuvostyle.com,TRUE
nv17.com,TRUE
nx.tc,TRUE
nycr.us,TRUE
nystagm.us,TRUE
o2.sg,TRUE
o88-51-51-6o9.co.uk,TRUE
ob-security.info,TRUE
ocry.com,TRUE
odysol.com,TRUE
odysseussolutions.com,TRUE
office-on-the.net,TRUE
offline.lt,TRUE
ograjensek.org,TRUE
ohbah.com,TRUE
ohfree.net,TRUE
ohi.tw,TRUE
ohstyle.net,TRUE
oinkoink.us,TRUE
okcolo.com,TRUE
olbiz.net,TRUE
oldergames.ru,TRUE
ole32.com,TRUE
olife.org,TRUE
omfg.pl,TRUE
omghaircut.com,TRUE
omghairstyles.net,TRUE
omnilux.ru,TRUE
on-the-web.tv,TRUE
onedot.eu,TRUE
onedumb.com,TRUE
onexw.com,TRUE
online-literature.com,TRUE
online-ooo.ru,TRUE
only.cx,TRUE
onmypc.biz,TRUE
onmypc.info,TRUE
onmypc.net,TRUE
onmypc.org,TRUE
onmypc.us,TRUE
onnepank.ee,TRUE
oo.fi,TRUE
ooz.ch,TRUE
openoffcampus.com,TRUE
opensrc.mx,TRUE
openvrml.org,TRUE
opticalize.com,TRUE
optimizare-seo.ro,TRUE
or.gs,TRUE
orangerobot.com,TRUE
orblogs.org,TRUE
orenznakomstva.ru,TRUE
org.org,TRUE
organiccrap.com,TRUE
organiccrap.com,TRUE
organiccrap.com,TRUE
orgoro.com,TRUE
orientalecstasy.com,TRUE
orientalxtasy.com,TRUE
ortist.in,TRUE
orts.ru,TRUE
ospreynet.info,TRUE
otgroup.kz,TRUE
otzo.com,TRUE
otzo.com,TRUE
otzo.com,TRUE
ourhobby.com,TRUE
ourhobby.com,TRUE
outcode.eu,TRUE
overcomingledger.in,TRUE
oviivory.com,TRUE
owned.hu,TRUE
oyuncehennemi.com,TRUE
ozziesworld.com,TRUE
p-k-t.ru,TRUE
pacaran.org,TRUE
pacific-diagnostic.com,TRUE
packetflood.net,TRUE
packeting.eu,TRUE
paklenica-avanturist.com,TRUE
panchevnet.co.uk,TRUE
papara.ro,TRUE
parikh.net,TRUE
partis.si,TRUE
partner-sms.com,TRUE
partsdo.com,TRUE
partshotlist.com,TRUE
partyfan.net,TRUE
pascucci.com,TRUE
pastalovers.net,TRUE
patelmortgage.com,TRUE
patov.com,TRUE
patras-patras.com,TRUE
patrin.info,TRUE
patternsmithing.com,TRUE
paulbeard.org,TRUE
pauljsolomon.net,TRUE
paymodels.com,TRUE
pays.to,TRUE
pboss.com.ar,TRUE
pcanywhere.net,TRUE
pcanywhere.net,TRUE
pclinuxos.su,TRUE
pdxweb.net,TRUE
peachyweb.com,TRUE
pentagon.ru,TRUE
pentegy.ru,TRUE
pentrunoi.ro,TRUE
perkasi.org,TRUE
persib.org,TRUE
perspektiva.si,TRUE
petewhite67.com,TRUE
petrix.net,TRUE
petrykin.ru,TRUE
petrykina.ru,TRUE
pgharts.org,TRUE
phdtalent.com,TRUE
phillisdiller.com,TRUE
photo-frame.com,TRUE
photosapiens.ru,TRUE
photosofarkansas.com,TRUE
php-dev.net,TRUE
phyllisdiller.us,TRUE
piccoa.org,TRUE
piensachile.com,TRUE
pieseautoclio.ro,TRUE
pingtung.tv,TRUE
pintravel.ro,TRUE
pirat3.com,TRUE
pisoft.ch,TRUE
pitcairn.pn,TRUE
pitsot.ru,TRUE
pivert.org,TRUE
placebuilders.com,TRUE
planetgadget.co.za,TRUE
playah.in,TRUE
pluginfree.net,TRUE
plugs.it,TRUE
plwgroup.com,TRUE
pm4all.org,TRUE
png.lt,TRUE
poblish.org,TRUE
pocho.cl,TRUE
podzone.net,TRUE
podzone.org,TRUE
pogramkran.net,TRUE
poker-poker-slots.com,TRUE
polaczyk.com,TRUE
polipan.com.br,TRUE
polissya.eu,TRUE
poltek-kampar.ac.id,TRUE
pomsys.biz,TRUE
poppop.com,TRUE
popsamustdie.net,TRUE
pornandpot.com,TRUE
porndl.eu,TRUE
port0.org,TRUE
port25.biz,TRUE
port25.biz,TRUE
port25.biz,TRUE
portalindustries.org,TRUE
portrelay.com,TRUE
portrelay.com,TRUE
positrium.org,TRUE
possessed.us,TRUE
pottlot.com,TRUE
powderday.ru,TRUE
powellairplane.org,TRUE
poweronline.tw,TRUE
powerstrike.org,TRUE
pp.ua,TRUE
ppalma.cl,TRUE
praktikon.ru,TRUE
prapanca.net,TRUE
prasetyo.us,TRUE
prawda2.info,TRUE
prehistoric.biz,TRUE
prelux.ru,TRUE
presstoday.net,TRUE
prettyweak.com,TRUE
previewscontract.in,TRUE
priamaakcia.sk,TRUE
priceone.com,TRUE
prikolin.ru,TRUE
primamoda.ru,TRUE
primatechange.com,TRUE
primavera.hk,TRUE
primeent.in,TRUE
prince-d-egypte.ch,TRUE
princessofkos.com,TRUE
princetontrans.com,TRUE
prink.md,TRUE
printstudio.lv,TRUE
pristineprinting.com,TRUE
privat-server.net,TRUE
privatedns.org,TRUE
privateimport.jp,TRUE
privatename.org,TRUE
professionalteam.ru,TRUE
profinet.ro,TRUE
profx.net,TRUE
progr.am,TRUE
programsaati.com,TRUE
progress.sg,TRUE
project.li,TRUE
promedalliance.com,TRUE
propoleo.cl,TRUE
prostate90.com,TRUE
prostipad.si,TRUE
protivovor.ru,TRUE
proxydns.com,TRUE
proxydns.com,TRUE
prujem.cz,TRUE
ps3hax.net,TRUE
psdbpg.com.br,TRUE
psso.org,TRUE
psybnc.eu,TRUE
psybnc.org,TRUE
psycholifting.ru,TRUE
psychomatrix.ru,TRUE
publi.ch,TRUE
publicbar.com,TRUE
pullingtubes.com,TRUE
puncut.com,TRUE
punk.dj,TRUE
punked.us,TRUE
purple-links.info,TRUE
puzzled.ru,TRUE
pwnz.org,TRUE
qc.to,TRUE
qhigh.com,TRUE
qpoe.com,TRUE
qtweb.co.uk,TRUE
quachdaica.info,TRUE
quannhacvang.com,TRUE
queerline.de,TRUE
quinconsult.my,TRUE
qwerp.org,TRUE
r-o-o-t.net,TRUE
r-u-crazy.net,TRUE
r00t.la,TRUE
r4z0r5.com,TRUE
ra-team.ru,TRUE
racyshade.com,TRUE
radauti.ro,TRUE
radio-brasov.ro,TRUE
radio-zvez.info,TRUE
radioamator.ro,TRUE
radiofavorit.ro,TRUE
radiohead.cl,TRUE
radionline.cl,TRUE
raffelsieper.net,TRUE
ragebroadheads.com,TRUE
railpage.org,TRUE
rapphim.org,TRUE
raul2008.com,TRUE
raveforum.ru,TRUE
rawcomp.com,TRUE
rawio.com,TRUE
razorhack.org,TRUE
readmyblog.org,TRUE
reasonman.com,TRUE
rebatesrule.net,TRUE
rebootconsulting.com,TRUE
rebro.org,TRUE
recruitment7.com,TRUE
recyclesolutionsllc.com,TRUE
red-links.com,TRUE
redbirdrestaurant.com,TRUE
reddirtdash.ca,TRUE
redirectme.net,TRUE
redirectme.net,TRUE
redlusciouslips.com.my,TRUE
regdomains.com,TRUE
region-virta.ru,TRUE
regmi.com.np,TRUE
reliarac.com,TRUE
reliarack.com,TRUE
remadecorp.com,TRUE
remoteaccess.me,TRUE
requiemproject.org,TRUE
rescuepc.com,TRUE
resfest.com.br,TRUE
restrainingregulation.com,TRUE
reve.org.ru,TRUE
revision29.com,TRUE
revitcity.com,TRUE
revyxorp.com,TRUE
rhythmroom.org,TRUE
ribalkaiohota.ru,TRUE
richlorenz.com,TRUE
rickrodriguezjr.com,TRUE
riew.net,TRUE
rilhas.com,TRUE
rinaldus.ru,TRUE
rincondelmotor.com,TRUE
risunkirus.info,TRUE
rjshomeimprovement.com,TRUE
rlogin.org,TRUE
rlstuff.net,TRUE
rltk.org,TRUE
rmec.net,TRUE
ro.lt,TRUE
robbieb.me.uk,TRUE
robofun.ro,TRUE
rocketcat.info,TRUE
rockingwranchinc.com,TRUE
rockonline.cl,TRUE
roeim.com,TRUE
rogueimc.org,TRUE
romaliver.com,TRUE
romaniachat.eu,TRUE
rootshell.la,TRUE
rosebanditz.us,TRUE
roth.ca,TRUE
routemehome.com,TRUE
rovag.org,TRUE
royord.com,TRUE
roz-graf-x.com,TRUE
rpcthai.com,TRUE
rpocc.ru,TRUE
rtr.gr,TRUE
rtx.com.br,TRUE
rugu.com,TRUE
runi.ca,TRUE
runtrax.net,TRUE
ruok.org,TRUE
rushara.net,TRUE
rushbean.com,TRUE
russkoeumea.com,TRUE
rutele.org.ru,TRUE
rwbcode.com,TRUE
s1.lv,TRUE
saadsaleem.com,TRUE
sacpower.com,TRUE
sadayuki.jp,TRUE
salaban.info,TRUE
sales-people.ru,TRUE
saleykt.ru,TRUE
sambergs.se,TRUE
sannon-stamm.com,TRUE
santpere.es,TRUE
sany.ir,TRUE
sapa2010.com,TRUE
sasakure.biz,TRUE
sat-dv.ru,TRUE
sat-infotech.com,TRUE
satanbitch.co.uk,TRUE
satanic.ro,TRUE
satfreak.org,TRUE
saunariga.lv,TRUE
saundrahart.com,TRUE
savage.nu,TRUE
saveabunny.org,TRUE
saves-the-whales.com,TRUE
savoryape.com,TRUE
saxtondrive.com,TRUE
say86.com,TRUE
sbak.org,TRUE
scadi.cl,TRUE
schnocklake.de,TRUE
school-212.info,TRUE
school38.org,TRUE
schoolopros.ru,TRUE
scieron.com,TRUE
scirocco-club.ru,TRUE
scm.com.np,TRUE
scoople.it,TRUE
scorm.gr,TRUE
scottlewisonline.com,TRUE
scrapitsoftware.com,TRUE
scrapper-site.net,TRUE
scrapping.cc,TRUE
scriptkiddie.eu,TRUE
sdp-mos.ru,TRUE
sdprocess.com,TRUE
searchsubmitexpert.com,TRUE
sec-dns.net,TRUE
secondary.net,TRUE
secularpineapple.com,TRUE
securityminders.com,TRUE
securityroot.org,TRUE
sektori.org,TRUE
selfhost.nl,TRUE
selfip.biz,TRUE
selfip.com,TRUE
selfip.info,TRUE
selfip.net,TRUE
selfip.org,TRUE
sellclassics.com,TRUE
sellclassics.com,TRUE
sells-for-less.com,TRUE
sells-for-u.com,TRUE
sells-it.net,TRUE
sellsyourhome.org,TRUE
selux.ru,TRUE
semashare.com,TRUE
sendsmtp.com,TRUE
sendtext.ca,TRUE
senic.ca,TRUE
sensitiveit.com,TRUE
seo112.ro,TRUE
serendipitybirthdoula.com,TRUE
sergecom.ru,TRUE
servebbs.com,TRUE
servebbs.net,TRUE
servebbs.org,TRUE
servebeer.com,TRUE
serveblog.net,TRUE
servecounterstrike.com,TRUE
serveftp.com,TRUE
serveftp.net,TRUE
serveftp.org,TRUE
servegame.com,TRUE
servegame.org,TRUE
servehalflife.com,TRUE
servehttp.com,TRUE
servemp3.com,TRUE
servepics.com,TRUE
servequake.com#,TRUE
servercide.com,TRUE
servernux.com,TRUE
serverpit.com,TRUE
serverthuis.com,TRUE
serverthuis.nl,TRUE
serveuser.com,TRUE
serveusers.com,TRUE
serviciiutile.ro,TRUE
sevlan.ru,TRUE
sexidude.com,TRUE
sexidude.com,TRUE
sexlab.su,TRUE
sexmistrz.pl,TRUE
sextube.ro,TRUE
sexxxy.biz,TRUE
sexyhosting.biz,TRUE
sexypenguins.com,TRUE
sghr.jp,TRUE
sh1tbox.com,TRUE
shaadistress.com,TRUE
shacknet.nu,TRUE
sharifulin.ru,TRUE
sheepindonesia.org,TRUE
shekinahphotography.com,TRUE
shell.la,TRUE
shellaccount.info,TRUE
shellcode.eu,TRUE
shen.cl,TRUE
shidduchdater.com,TRUE
shit.la,TRUE
shop.ms,TRUE
shop.tm,TRUE
shyschoolboys.com,TRUE
signr.com,TRUE
siio.tk,TRUE
sikt.ir,TRUE
silksky.com,TRUE
silverimage.ru,TRUE
simma.ro,TRUE
simple-url.com,TRUE
simplecharity.com,TRUE
simplyflowers.co.za,TRUE
sintesis.cl,TRUE
siriusware.net,TRUE
sitelutions.com,TRUE
sixgod.com,TRUE
sixqos.com,TRUE
sixth.biz,TRUE
sjboscoministry.com,TRUE
skies.tw,TRUE
skolkovskie.ru,TRUE
skottles.com,TRUE
skyshard.com,TRUE
sleepingwolf.net,TRUE
slipperyslope.ca,TRUE
sllabs.com,TRUE
slowblog.com,TRUE
sluchamy.net,TRUE
slx.nl,TRUE
slyip.com,TRUE
slyip.net,TRUE
smallbizdns.com,TRUE
smallbizdns.net,TRUE
smallbizdns.org,TRUE
smarket.ro,TRUE
smart-vrn.ru,TRUE
smartfox.us,TRUE
smcmobile.ro,TRUE
smelly.cc,TRUE
smirt.ch,TRUE
smo3.tv,TRUE
smokie.biz,TRUE
smser.biz,TRUE
sne.jp,TRUE
snedkov.ru,TRUE
soccon.net,TRUE
society.pk,TRUE
sofasurfer.ch,TRUE
sofasurfer.org,TRUE
softwareacrobatics.com,TRUE
softwarethaidd.net,TRUE
solardistro.info,TRUE
solea-research.com,TRUE
solfa.org,TRUE
someprofs.org,TRUE
somos1.com.br,TRUE
sonick-fire.com,TRUE
sonydistribution.ro,TRUE
soon.it,TRUE
soprano1.ca,TRUE
sp-aero.ru,TRUE
space-to-rent.com,TRUE
spacehat.net,TRUE
spacetechnology.net,TRUE
spectr74.ru,TRUE
speedy-fit.co.uk,TRUE
spiegs.com,TRUE
spreezio.biz,TRUE
spstali.ru,TRUE
spsune.lv,TRUE
spy-agents.net,TRUE
spys.ru,TRUE
sql01.com,TRUE
sqlwebprog.com,TRUE
squadplay.com,TRUE
squirly.info,TRUE
srs-perm.ru,TRUE
ssctm.com,TRUE
ssh01.com,TRUE
ssh22.net,TRUE
ssl443.org,TRUE
ssmailer.com,TRUE
stalker.fi,TRUE
stan.cn,TRUE
stan.hk,TRUE
star.is,TRUE
starcraftgame.com.ar,TRUE
starkom.ru,TRUE
starofrose.com,TRUE
statanalyze.cn,TRUE
statusuri.ws,TRUE
stbernadetteschool.net,TRUE
steelyjames.com,TRUE
stellabaguette.biz,TRUE
stellarsun.com,TRUE
stemline.com,TRUE
steni.us,TRUE
stereon.ru,TRUE
stes.fi,TRUE
steverosato.com,TRUE
stfu-kthx.net,TRUE
stineri.ro,TRUE
stipeserver.com,TRUE
stjohnsboonton.com,TRUE
stnet.nl,TRUE
stocktester.ru,TRUE
stonelinks.org,TRUE
stoupin.ru,TRUE
strangled.net,TRUE
strategic-solar.com,TRUE
streame.tv,TRUE
strecker.ch,TRUE
streetdirectory.co.id,TRUE
streetdirectory.com.my,TRUE
streetdirectory.net,TRUE
streetracer.org,TRUE
strezh.info,TRUE
strictus.com,TRUE
stride.com.br,TRUE
stroycm.ru,TRUE
stroyteh21.ru,TRUE
structural.ro,TRUE
studio-m.ro,TRUE
studreality.ru,TRUE
stuff-4-sale.org,TRUE
stuff-4-sale.us,TRUE
stuns.org,TRUE
stvad.org,TRUE
stx.nl,TRUE
style.pk,TRUE
suanningle.com,TRUE
subsonic.us,TRUE
suckit.biz,TRUE
suckmyfuckingdick.biz,TRUE
sufude.ru,TRUE
suicide-forum.com,TRUE
suka.se,TRUE
sullyhome.net,TRUE
sumibi.org,TRUE
sun-chaser.com,TRUE
sunltd.ru,TRUE
supersuccess-indonesia.com,TRUE
suplacard.com,TRUE
surak-zhauap.kz,TRUE
surfnet.ca,TRUE
suroot.com,TRUE
sux.ms,TRUE
svadbapodkluch.ru,TRUE
svansen.se,TRUE
sveinng.com,TRUE
svengo.de,TRUE
svlen.ru,TRUE
svmblocker.com,TRUE
swarchy.com,TRUE
swe.net,TRUE
sweet-kisses.org,TRUE
sweetriders.com,TRUE
swinmail.com,TRUE
sxn.us,TRUE
syntheticzero.com,TRUE
syscn.com,TRUE
sytes.net,TRUE
t-blog.ru,TRUE
t0.ru,TRUE
t28.net,TRUE
t31.org,TRUE
taca.cat,TRUE
tacowolf.com,TRUE
tagan-rog.info,TRUE
tagtung.com,TRUE
taidzi.com,TRUE
takacs.me,TRUE
takie.pl,TRUE
taktau.me.uk,TRUE
tallerideas.com,TRUE
tallison.com,TRUE
talltree.us,TRUE
tang.la,TRUE
tarsam.eu,TRUE
tarzanka.ru,TRUE
tbc.edu.mx,TRUE
tcebd.com,TRUE
tdooner.com,TRUE
teaches-yoga.com,TRUE
teakwondo.one.pl,TRUE
teamplus.co.uk,TRUE
teamslack.net,TRUE
techelp.it,TRUE
techgoodness.com,TRUE
technical-college.com,TRUE
techniice.ro,TRUE
technopagans.com,TRUE
techsofts.com,TRUE
tecnongroup.com,TRUE
tecnova.com.br,TRUE
tecrep-inc.net,TRUE
teksunpv.com,TRUE
teleconomiser.com,TRUE
telekomunikasyon.web.tr,TRUE
telprocompany.com,TRUE
tender.is,TRUE
tenz.net,TRUE
teranova.ca,TRUE
terly.ru,TRUE
terradata.biz,TRUE
tetrisbox.com,TRUE
tetuku.com,TRUE
tfg.lv,TRUE
tftpd.net,TRUE
tftpd.net,TRUE
thcgirls.com,TRUE
the-hell.org,TRUE
theamigan.net,TRUE
thearchitech.com,TRUE
thebackupbox.biz,TRUE
thebackupbox.com,TRUE
thebackupbox.net,TRUE
thebackupbox.org,TRUE
theblacklist.org,TRUE
theblaneys.net,TRUE
thecalvary.org,TRUE
thegmc.com,TRUE
theharderview.com,TRUE
thejordaans.com,TRUE
thekillersfansite.com,TRUE
themafia.info,TRUE
thenme.net,TRUE
theoceanforest.com,TRUE
thesecretworld.ru,TRUE
thesoupbones.com,TRUE
thestartupspot.com,TRUE
thethomasspot.com,TRUE
thevirus.ro,TRUE
thfnn.com,TRUE
thirdavenuevillage.com,TRUE
thisisatestabc123test.com,TRUE
thoughtclicks.com,TRUE
threecanoes.com,TRUE
threesisterstoys.com,TRUE
thruhere.net,TRUE
thuisserver.com,TRUE
tigabintangjaya.com,TRUE
time4film.ru,TRUE
tine.si,TRUE
tinkerin.com,TRUE
tintira.com,TRUE
tinyint.info,TRUE
tipom.si,TRUE
tipsgames.net,TRUE
tiramisu.sk,TRUE
tiver.se,TRUE
tmp.sh,TRUE
tnebldc.org,TRUE
tnl.jp,TRUE
toh.info,TRUE
tokomaya.com,TRUE
tomdaly.org,TRUE
tomsplaceontheinternet.com,TRUE
toogoofy.com,TRUE
topdanang.com,TRUE
tophi.org,TRUE
topteen.ca,TRUE
touchbutnothings.in,TRUE
toutges.us,TRUE
toyoaviation.ro,TRUE
toyotasellers.com,TRUE
toythieves.com,TRUE
trackbacks.org,TRUE
traeumtgerade.de,TRUE
traffic-institute.mn,TRUE
tragazorras.com,TRUE
traihn.info,TRUE
trailsendfarms.com,TRUE
trallala.ch,TRUE
translate.ch,TRUE
travelucion.ru,TRUE
trcint.com,TRUE
trenuj.com,TRUE
tresgarras.com,TRUE
tretinaprinting.com,TRUE
trickip.net,TRUE
trickip.org,TRUE
triple-ef.net,TRUE
tristancartledge.com,TRUE
trocko.org,TRUE
trocuoi.net,TRUE
trout.pl,TRUE
truchinga.org,TRUE
truecsi.org,TRUE
trumgame.net,TRUE
truthvid.com,TRUE
truthvideos.net,TRUE
tsgglobal.com,TRUE
tss.com.my,TRUE
tsu-ji.jp,TRUE
tt.cx,TRUE
tth.cl,TRUE
ttl60.com,TRUE
ttl60.org,TRUE
tuck.tw,TRUE
tulpart.com,TRUE
tuma.cc,TRUE
turichile.cl,TRUE
turndial.com,TRUE
tushna-hram.ru,TRUE
tuxwarez.info,TRUE
tv-l.ru,TRUE
tvio.ru,TRUE
tvlinux.com,TRUE
tvrama.ru,TRUE
tvzdocumentary.com,TRUE
tweetsentiments.com,TRUE
twilightparadox.com,TRUE
tworiverssoftware.com,TRUE
twow.ru,TRUE
tzafrir.org.il,TRUE
tzo.com,TRUE
ua-safgrad.org,TRUE
ub3r.geek.nz,TRUE
ucronia.com,TRUE
ugo.si,TRUE
uileon.edu.mx,TRUE
uk.is,TRUE
uk.to,TRUE
ukstokes.com,TRUE
ultimate-fight.net,TRUE
ultimatedecision.lv,TRUE
ultramodernlifetraininglab.com,TRUE
ulum.org,TRUE
undefeated.eu,TRUE
underirc.net,TRUE
undo.it,TRUE
uni.cc,TRUE
uni.cx,TRUE
unibutton.com,TRUE
universal.edu.au,TRUE
unkill.org,TRUE
unonic.com,TRUE
unoutsourced.com,TRUE
uoflsigep.org,TRUE
uplink.li,TRUE
urinechicks.com,TRUE
us.ms,TRUE
us.to,TRUE
usb-turn-table.co.uk,TRUE
used-towtrucks.com,TRUE
useitorlose.it,TRUE
user32.com,TRUE
usr.sh,TRUE
uss-spb.com,TRUE
v-i-o.us,TRUE
v-tlt.ru,TRUE
v4.net,TRUE
v8.ru,TRUE
vacatello.com.ar,TRUE
vadalus.co01zc.com,TRUE
vagilased.ee,TRUE
vakcinator.ru,TRUE
valleyledger.com,TRUE
van.web.id,TRUE
vankin.de,TRUE
vao-intourist.ru,TRUE
vasilp.gr,TRUE
vaughngass.com,TRUE
vb.hk,TRUE
vectorlight.ru,TRUE
vectorskills.com.br,TRUE
veli4ko.ru,TRUE
ven.bz,TRUE
venez.fr,TRUE
ventureswest.com,TRUE
verdefaith.org,TRUE
verymad.net,TRUE
veta.su,TRUE
vggtramites.gov.ar,TRUE
viajecerto.tur.br,TRUE
viamisoftware.com,TRUE
videocorsi.ch,TRUE
vietnam.ro,TRUE
vietnam7.com,TRUE
viimeisetsanat.fi,TRUE
villaparker.com,TRUE
vindme.nl,TRUE
violates.us,TRUE
visasusa.net,TRUE
vist.as,TRUE
vitriol.com.tr,TRUE
vitu.ch,TRUE
vizvaz.com,TRUE
vkagent.ru,TRUE
vkinobudke.ru,TRUE
vkinokresle.ru,TRUE
vkradio.com,TRUE
vlab.pp.ru,TRUE
vlad-kdc.ru,TRUE
vnpro.biz,TRUE
vo3.net,TRUE
vointsev.ru,TRUE
voip01.com,TRUE
votepair.ca,TRUE
voxelperfect.net,TRUE
vpillss.net,TRUE
vpn.md,TRUE
vpsi.com.pe,TRUE
vr.lt,TRUE
vrs.pl,TRUE
vsehorosho.ru,TRUE
vxe6.net,TRUE
vykt.ru,TRUE
w-f.com.ar,TRUE
wajiw.com,TRUE
wakeen.us,TRUE
wakingmoon.com,TRUE
waresec.com,TRUE
warmkessel.com,TRUE
watchlive.net,TRUE
watchlivenhl.tv,TRUE
wbt.ch,TRUE
weaponofmassdestruction.us,TRUE
webdoctruyen.com,TRUE
webdummy.net,TRUE
webgis.ro,TRUE
webhop.biz,TRUE
webhop.info,TRUE
webhop.net,TRUE
webhop.org,TRUE
weblista.pt,TRUE
webpost.net,TRUE
webs.mu,TRUE
webs.vc,TRUE
webskazka.net,TRUE
weddingdream.com,TRUE
wednesdaynightmilitia.com,TRUE
weejay.org,TRUE
weissdecisions.com,TRUE
were.me,TRUE
wewephoto.com,TRUE
wha.la,TRUE
whizoffice.com,TRUE
whynotad.com,TRUE
whypanic.org,TRUE
widlund.fi,TRUE
wikaba.com,TRUE
wikicode.com.br,TRUE
wikihotels.ru,TRUE
wikipedia.cx,TRUE
wildeagles.ru,TRUE
willfe.com,TRUE
windmills-travel.com,TRUE
windmillstravel.com,TRUE
wingandrotors.com,TRUE
winkel.com.ar,TRUE
winnity.ro,TRUE
wins.com.br,TRUE
winspa-system.com,TRUE
wiraprima.com,TRUE
wireheadlabs.com,TRUE
wirehound.com,TRUE
wishnet.us,TRUE
with-linux.com,TRUE
with.mirkforce.de,TRUE
withu.ru,TRUE
wolesnicy.info,TRUE
wolframauto.ru,TRUE
wolmerica.com,TRUE
womenclothingtoday.com,TRUE
wordpressthemespro.net,TRUE
worldstopbrands.com,TRUE
worldtravelgate.net,TRUE
worse-than.tv,TRUE
wow.bz,TRUE
wow64.net,TRUE
wrightus.com,TRUE
writeahistory.com,TRUE
writesthisblog.com,TRUE
wst-place.com,TRUE
wt.lv,TRUE
wtf-no.com,TRUE
wtf.im,TRUE
wut.se,TRUE
www1.biz,TRUE
wwwhost.biz,TRUE
x24hr.com,TRUE
xbox2.bz,TRUE
xboxforum.pl,TRUE
xelux.ru,TRUE
xenbox.net,TRUE
xfscdn.net,TRUE
xialy.com,TRUE
xisla.com.br,TRUE
xn--48jwgybuise.jp,TRUE
xn--nck9azb.jp,TRUE
xpresit.net,TRUE
xserve.org,TRUE
xshade.ca,TRUE
xss.ro,TRUE
xteh.ro,TRUE
xtycoon.org,TRUE
xxuz.com,TRUE
xxxxl.tv,TRUE
xxxxx.tw,TRUE
xxxy.biz,TRUE
xxxy.info,TRUE
yaj.ru,TRUE
yakudza.com,TRUE
yamasra.com,TRUE
yanber.com,TRUE
yanma.com.ar,TRUE
yarga.info,TRUE
yaroshenko.biz,TRUE
yasser.ru,TRUE
yatranepal.org,TRUE
yaxmail.com,TRUE
yendoria.com,TRUE
yesilcamm.com,TRUE
ygfocus.com,TRUE
ygto.com,TRUE
ymik.ru,TRUE
yngling.com,TRUE
yo.fi,TRUE
yo88.net,TRUE
yoogle.info,TRUE
yooko.com.ru,TRUE
yorto.ru,TRUE
youdontcare.com#from http://blog.dynamoo.com/,TRUE
youhei.jp,TRUE
youpc.ro,TRUE
yourspecialtee.com,TRUE
yourtrap.com,TRUE
yourwebhostingcompany.net,TRUE
yovoodoo.info,TRUE
yzin.com,TRUE
z0d.eu,TRUE
za.net,TRUE
za.pl,TRUE
zaantek.com,TRUE
zahe.me,TRUE
zakovryashin.ru,TRUE
zanity.net,TRUE
zapto.org,TRUE
zderzaczek.pl,TRUE
zedchamaa.com,TRUE
zekman.ru,TRUE
zero1.ro,TRUE
zevkli.org,TRUE
zhiweinidexin.cn,TRUE
zhukoff.net,TRUE
ziare.am,TRUE
zimios.fi,TRUE
zipper-maker.com,TRUE
zitaholdings.com,TRUE
zndd.biz,TRUE
zone-it.com,TRUE
zone66.net,TRUE
zonet.us,TRUE
zsh.jp,TRUE
zverovich.net,TRUE
zvezdaringa.ru,TRUE
zwiekszmoc.pl,TRUE
zyix.com,TRUE
zyns.com,TRUE
zzux.com,TRUE